File,Line,Type,Procedure
DB_Import.bas.bas,35,Sub,StarteImport_CSVdatei
DB_Import.bas.bas,131,Sub,Datenbasen_aus_archiv_entpacken
DB_Import.bas.bas,361,Sub,Kill_local_Cl_InfoDB
DB_Import.bas.bas,385,Function,ManipulationZiffer
DB_Import.bas.bas,403,Function,EndCheck_Pin
DB_Import.bas.bas,1239,Function,CurrentChk
DB_Import.bas.bas,1277,Function,BGER_PinTab_UserFill
DB_Import.bas.bas,1471,Sub,BGER_Id_ermitteln
DB_Import.bas.bas,1555,Function,untersuch
DB_Import.bas.bas,1859,Function,Tmp_BGR_Korrektur
DieseArbeitsmappe.cls.bas,25,Sub,Workbook_Open
DieseArbeitsmappe.cls.bas,159,Sub,Workbook_BeforeClose
Modul1.bas.bas,5,Sub,Set_Current_Cells
Modul1.bas.bas,69,Sub,Set_Current_Cell
Modul1.bas.bas,183,Function,Get_Pin_Sheet
Modul1.bas.bas,227,Sub,Reset_Cell
Modul1.bas.bas,275,Sub,Clear_Connected_Cells
Modul1.bas.bas,293,Function,Is_Pins_Row
Modul1.bas.bas,309,Function,Get_Formula
Modul2.bas.bas,7,Sub,StroemeAusblenden
Modul2.bas.bas,17,Sub,StroemeEinblenden
Modul2.bas.bas,27,Sub,Fix_After_Open
Modul2.bas.bas,51,Sub,Fix_Commit_Button
Modul2.bas.bas,71,Sub,Fix_Pin_Fields
Modul2.bas.bas,133,Sub,Fix_Slot_Fields
Modul2.bas.bas,167,Sub,Set_List_Validation
Modul3.bas.bas,7,Sub,Generate_PinSlot_Rows
Modul3.bas.bas,193,Sub,Generate_Pin_Data
Modul4.bas.bas,3,Sub,move
Modul5.bas.bas,3,Sub,insert_row
ModulKl1.bas.bas,55,Sub,Klemme_select
ModulKl1.bas.bas,321,Sub,Klemmeninfo_delete
ModulKl1.bas.bas,525,Sub,finde_Cl_info
ModulKl1.bas.bas,615,Sub,MakeOpenDB_Import
ModulKl1.bas.bas,623,Sub,DontDoThat
ModulKl1.bas.bas,639,Sub,ExChange
ModulKl1.bas.bas,717,Sub,ExChangeGER
ModulKl1.bas.bas,771,Sub,ExchangePins
ModulKl1.bas.bas,909,Sub,MakeIntCL_Link
ModulKl1.bas.bas,1205,Sub,Datumfeststellen
ModulKl1.bas.bas,1221,Sub,Anbindung_select
ModulKl1.bas.bas,1787,Sub,TmpCopyOfCT
Tabelle1.cls.bas,43,Sub,CLLink_Click
Tabelle1.cls.bas,55,Sub,CommandButton1_Click
Tabelle1.cls.bas,143,Sub,CommandButton2_Click
Tabelle1.cls.bas,479,Sub,CommandButton3_Click
Tabelle1.cls.bas,505,Sub,CommandButton4_Click
Tabelle1.cls.bas,533,Sub,DelPins
Tabelle1.cls.bas,807,Sub,DelSteckplz_Click
Tabelle1.cls.bas,1065,Sub,ExchangePinInfo_Click
Tabelle1.cls.bas,1095,Sub,StromCopyBT_Click
Tabelle1.cls.bas,1123,Sub,ToggleButton1_Click
Tabelle1.cls.bas,1151,Sub,Worksheet_Activate
Tabelle1.cls.bas,1161,Sub,Worksheet_Change
Tabelle1.cls.bas,1309,Sub,Edit_Pintype
Tabelle1.cls.bas,1343,Sub,Edit_Pinchar
Tabelle1.cls.bas,1363,Sub,Worksheet_SelectionChange
Tabelle1.cls.bas,1417,Function,Button1_Standard
Tabelle1.cls.bas,1443,Function,Button2_Standard
Tabelle1.cls.bas,1469,Function,Button3_Standard
Tabelle1.cls.bas,1497,Function,Button4_Standard
Tabelle1.cls.bas,1523,Function,Button5_Standard
Tabelle1.cls.bas,1549,Function,Button6_Standard
Tabelle1.cls.bas,1575,Function,Button7_Standard
Tabelle1.cls.bas,1607,Function,Button7_small
Tabelle1.cls.bas,1637,Function,Button8_Standard
Tabelle1.cls.bas,1663,Function,Button9_Standard
Tabelle1.cls.bas,1691,Sub,Fit4MailVersand
Tabelle1.cls.bas,1741,Sub,AddPins2Con
Tabelle1.cls.bas,2019,Sub,Pins_Click
UserForm1.frm.bas,17,Sub,AnbingLB_Click
UserForm1.frm.bas,25,Sub,ASIL_CB_Change
UserForm1.frm.bas,33,Sub,clearCB_Click
UserForm1.frm.bas,55,Sub,ClearCB2_Click
UserForm1.frm.bas,63,Sub,LAH_TxB_Change
UserForm1.frm.bas,75,Sub,LayLengthCB_Change
UserForm1.frm.bas,87,Sub,SaveBT_Click
UserForm1.frm.bas,165,Sub,SchirmungCB_Change
UserForm1.frm.bas,185,Sub,TerminierungCB_Change
UserForm1.frm.bas,193,Sub,UserForm_Activate
UserForm1.frm.bas,203,Sub,UserForm_Initialize
UserForm1.frm.bas,277,Function,Text_Auswertung
UserForm1.frm.bas,325,Sub,UserForm_QueryClose
UserForm1.frm.bas,333,Sub,UserForm_Terminate
UserForm2.frm.bas,27,Sub,CB_Zoom_Click
UserForm2.frm.bas,35,Sub,Bild2_Click
UserForm2.frm.bas,47,Sub,An_Aus_CB_MouseDown
UserForm2.frm.bas,89,Sub,An_Aus_CB_MouseUp
UserForm2.frm.bas,131,Sub,CB_CLR1_Click
UserForm2.frm.bas,159,Sub,Cl_ListeBox_Change
UserForm2.frm.bas,245,Sub,clampCoBo_Change
UserForm2.frm.bas,349,Sub,CoBoFunktion_DropButtonClick
UserForm2.frm.bas,423,Sub,CoBoFunktion_KeyPress
UserForm2.frm.bas,453,Sub,CoBoFunktion_KeyDown
UserForm2.frm.bas,479,Sub,CoBoUtili_Change
UserForm2.frm.bas,521,Sub,CommandButton1_Click
UserForm2.frm.bas,1069,Sub,CommandButton2_Click
UserForm2.frm.bas,1079,Sub,CommandButton1_Exit
UserForm2.frm.bas,1087,Sub,HelpCmBt_Click
UserForm2.frm.bas,1097,Sub,IdxText_Change
UserForm2.frm.bas,1135,Sub,IdxText2_Change
UserForm2.frm.bas,1171,Sub,Image27_Click
UserForm2.frm.bas,1181,Sub,Label108_Click
UserForm2.frm.bas,1189,Sub,RepListB_Click
UserForm2.frm.bas,1219,Sub,SpinButton1_SpinDown
UserForm2.frm.bas,1227,Sub,SpinButton1_SpinUp
UserForm2.frm.bas,1237,Sub,TextBox7_KeyPress
UserForm2.frm.bas,1267,Sub,TextBox8_Change
UserForm2.frm.bas,1275,Sub,TextBox9_KeyPress
UserForm2.frm.bas,1305,Sub,Voltage_CoBo_Change
UserForm2.frm.bas,1343,Sub,IOX_ComBo_Change
UserForm2.frm.bas,1367,Sub,Label10_Click
UserForm2.frm.bas,1387,Sub,Label11_Click
UserForm2.frm.bas,1405,Sub,Label17_Click
UserForm2.frm.bas,1423,Sub,Label22_Click
UserForm2.frm.bas,1437,Sub,Label24_Click
UserForm2.frm.bas,1455,Sub,NewFctLabel
UserForm2.frm.bas,1635,Sub,Label3_Click
UserForm2.frm.bas,1643,Sub,OptionButton1_Click
UserForm2.frm.bas,1713,Sub,SigAbbrevCobo_Change
UserForm2.frm.bas,1733,Sub,SigCharCombo_Change
UserForm2.frm.bas,1763,Sub,Terminate_CB_Click
UserForm2.frm.bas,1793,Sub,ToggleButton1_Click
UserForm2.frm.bas,1889,Sub,UserForm_Initialize
UserForm2.frm.bas,2187,Sub,UserForm_QueryClose
UserForm2.frm.bas,2215,Sub,UserForm_Terminate
UserForm2.frm.bas,2235,Function,CheckConnectionIdx
UserForm2.frm.bas,2245,Function,genPinDaten_actCell
UserForm2.frm.bas,2401,Function,Recherche
UserForm2.frm.bas,2597,Function,ChknCorValue
UserForm3.frm.bas,21,Sub,UserForm_Click
